TrialTypes,Outcome,OptoState,IDOptoLoc,OptoEI,RT_Left,RT_Right,Location,Date,Week_Age
1,1,0,2,0,0.5727,,M2,20240201,29
0,3,1,2,1,,,M2,20240201,29
1,1,0,2,0,0.6456,,M2,20240201,29
1,1,0,2,0,0.7426,,M2,20240201,29
0,0,1,2,1,0.7584,,M2,20240201,29
0,1,0,2,0,,0.7764,M2,20240201,29
1,1,1,2,1,1.1709,,M2,20240201,29
0,1,0,2,0,,0.9182,M2,20240201,29
0,1,1,2,1,,0.9792,M2,20240201,29
1,1,1,2,1,0.625,,M2,20240201,29
0,0,0,2,0,0.5442,,M2,20240201,29
1,0,0,2,0,,1.4881,M2,20240201,29
1,1,0,2,0,0.4799,,M2,20240201,29
1,1,1,2,1,0.2293,,M2,20240201,29
0,1,0,2,0,,0.591,M2,20240201,29
1,1,0,2,0,0.629,,M2,20240201,29
0,0,0,2,0,0.2026,,M2,20240201,29
1,1,0,2,0,0.1436,,M2,20240201,29
1,0,0,2,0,,0.6664,M2,20240201,29
1,1,0,2,0,0.2049,,M2,20240201,29
1,1,0,2,0,0.1297,,M2,20240201,29
0,1,0,2,0,,1.0563,M2,20240201,29
0,0,0,2,0,0.3703,,M2,20240201,29
1,1,0,2,0,0.1191,,M2,20240201,29
1,1,0,2,0,0.2769,,M2,20240201,29
0,1,0,2,0,,1.4151,M2,20240201,29
0,0,0,2,0,1.1925,,M2,20240201,29
1,1,1,2,1,0.4009,,M2,20240201,29
1,1,0,2,0,0.1967,,M2,20240201,29
0,0,0,2,0,1.0885,,M2,20240201,29
1,1,1,2,1,0.3242,,M2,20240201,29
1,1,0,2,0,0.2162,,M2,20240201,29
1,1,0,2,0,0.1322,,M2,20240201,29
0,1,1,2,1,,0.9368,M2,20240201,29
0,1,1,2,2,,0.5987,M2,20240201,29
1,1,0,2,0,0.2414,,M2,20240201,29
0,1,0,2,0,,1.0686,M2,20240201,29
1,1,0,2,0,1.0389,,M2,20240201,29
0,0,1,2,2,0.2131,,M2,20240201,29
1,1,0,2,0,0.1947,,M2,20240201,29
1,1,0,2,0,0.2245,,M2,20240201,29
0,1,1,2,2,,0.6342,M2,20240201,29
1,1,0,2,0,0.2823,,M2,20240201,29
1,1,0,2,0,0.2151,,M2,20240201,29
0,0,0,2,0,0.2021,,M2,20240201,29
0,1,0,2,0,,0.6898,M2,20240201,29
1,1,0,2,0,0.2419,,M2,20240201,29
0,1,1,2,1,,2.1259,M2,20240201,29
1,1,0,2,0,0.1717,,M2,20240201,29
1,1,1,2,2,0.5095,,M2,20240201,29
0,0,0,2,0,0.2786,,M2,20240201,29
0,1,0,2,0,,0.9785,M2,20240201,29
1,1,0,2,0,0.7854,,M2,20240201,29
1,1,0,2,0,0.2313,,M2,20240201,29
1,1,0,2,0,0.2814,,M2,20240201,29
0,0,1,2,1,0.5038,,M2,20240201,29
0,1,0,2,0,,1.2244,M2,20240201,29
1,1,0,2,0,0.4085,,M2,20240201,29
0,1,0,2,0,,0.8042,M2,20240201,29
1,1,0,2,0,0.4839,,M2,20240201,29
0,0,0,2,0,0.1679,,M2,20240201,29
1,1,0,2,0,0.3528,,M2,20240201,29
1,1,0,2,0,0.1994,,M2,20240201,29
1,1,1,2,2,0.2186,,M2,20240201,29
0,1,0,2,0,,0.845,M2,20240201,29
1,1,0,2,0,0.1894,,M2,20240201,29
1,1,0,2,0,0.1131,,M2,20240201,29
0,1,1,2,1,,1.1964,M2,20240201,29
1,1,0,2,0,0.3118,,M2,20240201,29
1,1,0,2,0,0.6971,,M2,20240201,29
0,1,0,2,0,,0.8989,M2,20240201,29
0,1,0,2,0,,1.0782,M2,20240201,29
0,1,0,2,0,,1.2356,M2,20240201,29
1,1,0,2,0,0.2075,,M2,20240201,29
0,0,0,2,0,0.3718,,M2,20240201,29
0,1,0,2,0,,0.9132,M2,20240201,29
0,1,0,2,0,,0.6997,M2,20240201,29
1,1,1,2,2,0.5946,,M2,20240201,29
0,1,1,2,1,,0.9837,M2,20240201,29
0,1,0,2,0,,1.0769,M2,20240201,29
0,1,0,2,0,,0.3559,M2,20240201,29
1,1,1,2,1,0.5026,,M2,20240201,29
0,1,1,2,2,,0.7256,M2,20240201,29
1,1,0,2,0,0.3826,,M2,20240201,29
1,1,0,2,0,0.1646,,M2,20240201,29
0,0,1,2,2,0.2524,,M2,20240201,29
0,1,0,2,0,,1.4158,M2,20240201,29
0,0,0,2,0,0.4819,,M2,20240201,29
1,0,0,2,0,,0.9456,M2,20240201,29
1,1,0,2,0,0.6231,,M2,20240201,29
1,1,1,2,2,0.1866,,M2,20240201,29
0,1,0,2,0,,1.1948,M2,20240201,29
1,1,0,2,0,0.1953,,M2,20240201,29
1,1,0,2,0,0.1723,,M2,20240201,29
1,1,0,2,0,0.1907,,M2,20240201,29
0,0,1,2,1,1.514,,M2,20240201,29
1,1,0,2,0,0.1823,,M2,20240201,29
1,1,0,2,0,0.1274,,M2,20240201,29
1,1,1,2,2,0.2099,,M2,20240201,29
0,1,1,2,1,,1.3938,M2,20240201,29
0,1,0,2,0,,0.9393,M2,20240201,29
1,1,1,2,2,0.1524,,M2,20240201,29
1,1,0,2,0,0.1869,,M2,20240201,29
0,1,0,2,0,,0.8896,M2,20240201,29
1,1,0,2,0,0.4543,,M2,20240201,29
0,1,0,2,0,,0.8073,M2,20240201,29
1,1,0,2,0,0.335,,M2,20240201,29
0,1,0,2,0,,1.4021,M2,20240201,29
0,1,0,2,0,,0.7609,M2,20240201,29
1,1,0,2,0,0.2845,,M2,20240201,29
0,1,0,2,0,,0.8839,M2,20240201,29
0,0,0,2,0,0.6591,,M2,20240201,29
0,1,0,2,0,,0.954,M2,20240201,29
1,1,0,2,0,1.1722,,M2,20240201,29
0,1,0,2,0,,1.4612,M2,20240201,29
1,1,0,2,0,0.536,,M2,20240201,29
0,1,0,2,0,,1.2544,M2,20240201,29
1,1,0,2,0,0.3098,,M2,20240201,29
0,1,1,2,2,,1.5166,M2,20240201,29
1,1,1,2,2,3.7224,,M2,20240201,29
1,1,0,2,0,0.297,,M2,20240201,29
1,1,0,2,0,0.3442,,M2,20240201,29
0,1,0,2,0,,3.0598,M2,20240201,29
0,0,1,2,1,1.8658,,M2,20240201,29
0,1,0,2,0,,1.0012,M2,20240201,29
1,1,0,2,0,0.5103,,M2,20240201,29
0,3,1,2,1,,,M2,20240201,29
1,1,0,2,0,0.8076,,M2,20240201,29
0,1,1,2,1,,2.186,M2,20240201,29
1,1,1,2,2,0.2702,,M2,20240201,29
1,1,0,2,0,2.2667,,M2,20240201,29
0,3,1,2,1,,,M2,20240201,29
0,1,1,2,2,,0.6341,M2,20240201,29
0,3,0,2,0,,,M2,20240201,29
1,0,0,2,0,,0.2687,M2,20240201,29
0,1,0,2,0,,0.6439,M2,20240201,29
0,1,0,2,0,,2.151,M2,20240201,29
1,1,0,2,0,0.286,,M2,20240201,29
1,1,0,2,0,0.2095,,M2,20240201,29
0,3,0,2,0,,,M2,20240201,29
0,1,1,2,1,,1.6678,M2,20240201,29
0,1,1,2,2,,1.1976,M2,20240201,29
1,1,0,2,0,0.5479,,M2,20240201,29
0,0,0,2,0,1.3774,,M2,20240201,29
1,1,1,2,2,0.4881,,M2,20240201,29
1,1,1,2,1,0.5112,,M2,20240201,29
1,3,0,2,0,,,M2,20240201,29
0,0,0,2,0,1.0082,,M2,20240201,29
0,1,1,2,1,,0.4236,M2,20240201,29
0,0,0,2,0,0.4973,,M2,20240201,29
1,1,0,2,0,0.3478,,M2,20240201,29
0,0,0,2,0,0.4504,,M2,20240201,29
1,1,1,2,1,0.6816,,M2,20240201,29
1,1,0,2,0,1.1948,,M2,20240201,29
0,3,1,2,2,,,M2,20240201,29
1,1,0,2,0,0.312,,M2,20240201,29
0,0,0,2,0,0.27,,M2,20240201,29
1,1,0,2,0,0.293,,M2,20240201,29
1,1,0,2,0,0.2892,,M2,20240201,29
1,1,1,2,2,0.4676,,M2,20240201,29
0,0,0,2,0,0.2908,,M2,20240201,29
0,1,0,2,0,,1.1907,M2,20240201,29
0,0,0,2,0,1.2166,,M2,20240201,29
1,1,1,2,2,0.34,,M2,20240201,29
0,1,1,2,2,,1.0877,M2,20240201,29
1,1,0,2,0,0.2565,,M2,20240201,29
0,0,0,2,0,0.4158,,M2,20240201,29
0,1,0,2,0,,1.1272,M2,20240201,29
1,1,0,2,0,0.3275,,M2,20240201,29
1,1,0,2,0,0.2267,,M2,20240201,29
0,0,0,2,0,0.2863,,M2,20240201,29
0,1,1,2,2,,1.2166,M2,20240201,29
0,1,1,2,2,,0.2507,M2,20240201,29
1,1,1,2,1,0.4451,,M2,20240201,29
1,1,1,2,1,0.3494,,M2,20240201,29
0,3,0,2,0,,,M2,20240201,29
0,1,0,2,0,,1.2382,M2,20240201,29
0,0,0,2,0,0.7375,,M2,20240201,29
1,1,0,2,0,0.3917,,M2,20240201,29
1,1,0,2,0,0.2001,,M2,20240201,29
1,1,0,2,0,0.229,,M2,20240201,29
0,0,1,2,2,0.4018,,M2,20240201,29
1,1,1,2,1,0.3661,,M2,20240201,29
1,1,0,2,0,0.2473,,M2,20240201,29
0,0,1,2,1,0.5068,,M2,20240201,29
0,0,0,2,0,0.2364,,M2,20240201,29
0,1,1,2,2,,0.772,M2,20240201,29
1,1,1,2,2,0.2629,,M2,20240201,29
0,1,0,2,0,,0.9155,M2,20240201,29
0,0,1,2,1,1.7625,,M2,20240201,29
0,3,0,2,0,,,M2,20240205,30
1,3,1,2,2,,,M2,20240205,30
1,1,0,2,0,4.9247,,M2,20240205,30
1,3,0,2,0,,,M2,20240205,30
1,3,1,2,1,,,M2,20240205,30
0,1,0,2,0,,1.7732,M2,20240205,30
0,1,0,2,0,,1.214,M2,20240205,30
0,0,0,2,0,0.4671,,M2,20240205,30
1,1,0,2,0,0.4958,,M2,20240205,30
0,1,1,2,1,,1.1172,M2,20240205,30
1,1,0,2,0,0.2471,,M2,20240205,30
1,3,0,2,0,,,M2,20240205,30
0,1,1,2,1,,1.5302,M2,20240205,30
1,3,0,2,0,,,M2,20240205,30
0,1,0,2,0,,0.7391,M2,20240205,30
0,1,0,2,0,,0.9244,M2,20240205,30
1,3,1,2,2,,,M2,20240205,30
0,3,0,2,0,,0.1292,M2,20240205,30
1,3,0,2,0,,,M2,20240205,30
1,3,1,2,1,,,M2,20240205,30
1,3,1,2,2,,,M2,20240205,30
0,1,1,2,1,,0.8653,M2,20240205,30
1,3,0,2,0,,,M2,20240205,30
1,0,0,2,0,,1.0328,M2,20240205,30
0,1,0,2,0,,1.1318,M2,20240205,30
0,1,1,2,2,,1.2045,M2,20240205,30
0,1,0,2,0,,1.6402,M2,20240205,30
1,0,0,2,0,,0.3274,M2,20240205,30
0,1,1,2,1,,1.8952,M2,20240205,30
1,0,0,2,0,,0.2297,M2,20240205,30
1,3,1,2,1,,,M2,20240205,30
0,1,0,2,0,,1.3131,M2,20240205,30
1,3,0,2,0,,0.1586,M2,20240205,30
1,3,0,2,0,,,M2,20240205,30
1,0,0,2,0,,0.2304,M2,20240205,30
0,1,0,2,0,,1.1517,M2,20240205,30
1,3,0,2,0,,,M2,20240205,30
0,1,0,2,0,,0.3023,M2,20240205,30
1,0,0,2,0,,0.4171,M2,20240205,30
0,1,1,2,2,,1.0686,M2,20240205,30
0,1,0,2,0,,0.8479,M2,20240205,30
0,1,0,2,0,,1.795,M2,20240205,30
1,0,0,2,0,,0.2327,M2,20240205,30
1,0,0,2,0,,0.2295,M2,20240205,30
0,1,0,2,0,,1.413,M2,20240205,30
1,0,0,2,0,,3.9005,M2,20240205,30
0,1,1,2,2,,0.2408,M2,20240205,30
1,3,0,2,0,,,M2,20240205,30
0,1,0,2,0,,1.1993,M2,20240205,30
0,3,1,2,2,,,M2,20240205,30
0,1,0,2,0,,0.6769,M2,20240205,30
1,3,0,2,0,,,M2,20240205,30
0,1,0,2,0,,1.3101,M2,20240205,30
1,0,1,2,2,,0.2092,M2,20240205,30
0,1,0,2,0,,1.4544,M2,20240205,30
0,1,1,2,1,,0.4278,M2,20240205,30
1,1,1,2,1,0.4201,,M2,20240205,30
1,0,0,2,0,,0.8046,M2,20240205,30
1,0,0,2,0,,0.2876,M2,20240205,30
1,3,1,2,2,0.1859,,M2,20240205,30
1,1,0,2,0,0.1347,,M2,20240205,30
1,1,0,2,0,0.8152,,M2,20240205,30
1,1,0,2,0,0.2399,,M2,20240205,30
1,3,1,2,2,0.1856,,M2,20240205,30
1,1,1,2,2,0.229,,M2,20240205,30
1,3,0,2,0,,,M2,20240205,30
1,1,0,2,0,0.9496,,M2,20240205,30
1,1,0,2,0,0.243,,M2,20240205,30
1,1,0,2,0,0.7171,,M2,20240205,30
1,0,0,2,0,,0.2557,M2,20240205,30
1,1,0,2,0,0.3334,,M2,20240205,30
1,1,0,2,0,0.3424,,M2,20240205,30
1,1,1,2,2,0.2097,,M2,20240205,30
1,1,0,2,0,0.2617,,M2,20240205,30
1,1,0,2,0,0.3324,,M2,20240205,30
1,1,0,2,0,0.3101,,M2,20240205,30
1,1,0,2,0,0.2383,,M2,20240205,30
1,1,0,2,0,0.3306,,M2,20240205,30
1,1,0,2,0,1.5417,,M2,20240205,30
1,1,0,2,0,0.213,,M2,20240205,30
1,1,0,2,0,0.3357,,M2,20240205,30
1,1,0,2,0,0.218,,M2,20240205,30
1,1,0,2,0,0.2653,,M2,20240205,30
0,0,0,2,0,0.2624,,M2,20240205,30
1,1,0,2,0,0.2624,,M2,20240205,30
0,1,1,2,1,,1.286,M2,20240205,30
0,1,0,2,0,,0.2127,M2,20240205,30
0,3,1,2,2,,,M2,20240205,30
1,0,0,2,0,,1.2545,M2,20240205,30
1,1,0,2,0,0.5054,,M2,20240205,30
1,1,0,2,0,0.4408,,M2,20240205,30
0,1,1,2,2,,0.2636,M2,20240205,30
1,0,1,2,2,,0.2202,M2,20240205,30
0,1,0,2,0,,1.1356,M2,20240205,30
0,1,0,2,0,,0.4909,M2,20240205,30
1,1,0,2,0,0.8517,,M2,20240205,30
0,0,1,2,1,0.3607,,M2,20240205,30
1,0,0,2,0,,0.2867,M2,20240205,30
0,0,0,2,0,0.2963,,M2,20240205,30
1,1,0,2,0,0.307,,M2,20240205,30
1,1,0,2,0,0.193,,M2,20240205,30
0,0,0,2,0,0.1639,,M2,20240205,30
1,1,1,2,2,0.2238,,M2,20240205,30
0,1,0,2,0,,0.787,M2,20240205,30
0,3,0,2,0,,,M2,20240205,30
0,3,1,2,2,,,M2,20240205,30
1,1,0,2,0,0.8565,,M2,20240205,30
0,0,0,2,0,0.4027,,M2,20240205,30
1,1,0,2,0,0.7493,,M2,20240205,30
1,1,0,2,0,1.1537,,M2,20240205,30
0,0,0,2,0,0.6325,,M2,20240205,30
1,1,0,2,0,0.6912,,M2,20240205,30
0,1,0,2,0,,2.2631,M2,20240205,30
0,3,0,2,0,,,M2,20240205,30
1,1,0,2,0,1.2589,,M2,20240205,30
0,3,0,2,0,,,M2,20240205,30
0,1,0,2,0,,0.222,M2,20240205,30
0,3,0,2,0,,,M2,20240205,30
1,1,1,2,1,1.6395,,M2,20240205,30
0,0,1,2,1,0.8763,,M2,20240205,30
0,1,1,2,1,,0.8576,M2,20240205,30
1,1,0,2,0,0.1751,,M2,20240205,30
0,1,1,2,2,,0.2024,M2,20240205,30
0,1,1,2,2,,0.853,M2,20240205,30
1,1,1,2,2,0.1956,,M2,20240205,30
1,1,1,2,2,0.1769,,M2,20240205,30
1,0,1,2,1,,0.3566,M2,20240205,30
1,1,0,2,0,0.1465,,M2,20240205,30
0,1,0,2,0,,1.589,M2,20240205,30
0,1,0,2,0,,0.2284,M2,20240205,30
0,3,0,2,0,,,M2,20240205,30
0,1,0,2,0,,0.2672,M2,20240205,30
1,1,0,2,0,0.6669,,M2,20240205,30
0,0,1,2,1,0.9475,,M2,20240205,30
1,1,0,2,0,0.3123,,M2,20240205,30
0,0,1,2,1,1.262,,M2,20240205,30
1,1,1,2,2,0.544,,M2,20240205,30
0,1,1,2,2,,1.2449,M2,20240205,30
0,3,0,2,0,,,M2,20240205,30
0,0,0,2,0,1.2985,,M2,20240205,30
1,0,0,2,0,,0.4008,M2,20240205,30
1,1,1,2,1,0.2935,,M2,20240205,30
0,1,1,2,1,,0.3257,M2,20240205,30
1,1,1,2,2,0.2243,,M2,20240205,30
1,1,1,2,1,1.0646,,M2,20240205,30
0,0,0,2,0,0.5814,,M2,20240205,30
1,0,0,2,0,,0.235,M2,20240205,30
1,1,1,2,2,0.8587,,M2,20240205,30
1,1,0,2,0,0.4678,,M2,20240205,30
0,0,0,2,0,0.2521,,M2,20240205,30
1,1,0,2,0,0.661,,M2,20240205,30
1,0,0,2,0,,0.2884,M2,20240205,30
1,0,0,2,0,,0.2409,M2,20240205,30
0,0,1,2,1,1.4768,,M2,20240205,30
1,1,0,2,0,1.1389,,M2,20240205,30
1,1,0,2,0,0.1451,,M2,20240205,30
1,1,0,2,0,0.267,,M2,20240205,30
0,0,1,2,1,3.5043,,M2,20240205,30
0,1,1,2,1,,0.7385,M2,20240205,30
0,3,1,2,2,,,M2,20240205,30
1,0,0,2,0,,0.2361,M2,20240205,30
0,0,1,2,2,0.204,,M2,20240205,30
0,0,0,2,0,0.6082,,M2,20240205,30
1,0,0,2,0,,0.4412,M2,20240205,30
0,0,0,2,0,0.468,,M2,20240205,30
1,1,0,2,0,0.197,,M2,20240205,30
0,0,0,2,0,2.3664,,M2,20240205,30
0,1,0,2,0,,3.0784,M2,20240205,30
1,0,0,2,0,,0.315,M2,20240205,30
1,1,0,2,0,0.3999,,M2,20240205,30
1,1,0,2,0,0.256,,M2,20240205,30
0,0,1,2,2,1.6014,,M2,20240205,30
0,0,0,2,0,1.6147,,M2,20240205,30
0,1,0,2,0,,0.991,M2,20240205,30
1,0,0,2,0,,0.2996,M2,20240205,30
0,0,1,2,2,3.5908,,M2,20240205,30
0,1,0,2,0,,0.3024,M2,20240205,30
0,0,1,2,1,3.3162,,M2,20240205,30
1,0,0,2,0,,0.3004,M2,20240205,30
0,0,0,2,0,0.4709,,M2,20240205,30
1,1,0,2,0,0.2447,,M2,20240205,30
1,1,0,2,0,0.0227,,M2,20240205,30
1,1,0,2,0,0.2478,,M2,20240205,30
0,1,1,2,2,,0.0998,M2,20240205,30
0,0,0,2,0,,0.0397,M2,20240205,30
0,1,0,2,0,,0.7762,M2,20240205,30
1,1,1,2,2,0.5816,,M2,20240205,30
1,1,0,2,0,0.1654,,M2,20240205,30
1,1,1,2,2,0.2169,,M2,20240205,30
0,3,0,2,0,,,M2,20240205,30
1,1,0,2,0,0.3245,,M2,20240205,30
0,0,0,2,0,0.2988,,M2,20240205,30
0,1,0,2,0,,0.8275,M2,20240205,30
0,1,0,2,0,,1.2044,M2,20240205,30
1,0,0,2,0,,0.2461,M2,20240205,30
0,3,0,2,0,,,M2,20240205,30
1,0,0,2,0,,0.4001,M2,20240205,30
0,0,0,2,0,0.3413,,M2,20240205,30
0,1,1,2,2,,1.621,M2,20240205,30
1,1,1,2,1,0.66,,M2,20240205,30
0,1,1,2,2,,1.9844,M2,20240205,30
0,1,0,2,0,,2.3559,M2,20240205,30
0,3,0,2,0,,,M2,20240205,30
1,0,0,2,0,,1.7103,M2,20240205,30
1,0,0,2,0,,0.401,M2,20240205,30
1,1,0,2,0,0.3541,,M2,20240205,30
0,0,1,2,2,0.2817,,M2,20240205,30
1,1,1,2,1,0.7943,,M2,20240205,30
1,1,0,2,0,0.5215,,M2,20240205,30
1,1,0,2,0,0.4139,,M2,20240205,30
0,3,1,2,1,,,M2,20240205,30
1,1,1,2,1,0.6448,,M2,20240205,30
1,1,0,2,0,0.2682,,M2,20240205,30
0,0,1,2,1,0.8791,,M2,20240205,30
0,1,0,2,0,,1.4986,M2,20240205,30
1,1,1,2,1,0.523,,M2,20240205,30
1,1,1,2,1,0.3872,,M2,20240205,30
1,0,0,2,0,,0.257,M2,20240205,30
0,0,0,2,0,0.4375,,M2,20240205,30
0,0,0,2,0,0.3118,,M2,20240205,30
1,0,0,2,0,0.1962,,M2,20240205,30
0,1,0,2,0,,0.9328,M2,20240205,30
1,1,1,2,1,0.846,,M2,20240205,30
0,0,0,2,0,1.5951,,M2,20240205,30
0,1,0,2,0,,1.2573,M2,20240205,30
1,1,0,2,0,1.2787,,M2,20240205,30
0,0,0,2,0,0.871,,M2,20240205,30
1,1,0,2,0,0.329,,M2,20240205,30
1,1,0,2,0,0.3166,,M2,20240205,30
0,1,0,2,0,,1.0647,M2,20240205,30
1,1,0,2,0,0.2883,,M2,20240205,30
1,0,1,2,2,,0.2482,M2,20240205,30
0,0,1,2,2,0.4358,,M2,20240205,30
0,1,1,2,2,,1.2804,M2,20240205,30
1,1,0,2,0,0.2799,,M2,20240205,30
0,1,0,2,0,,1.8985,M2,20240205,30
0,0,1,2,1,1.3276,,M2,20240205,30
1,1,0,2,0,0.1633,,M2,20240205,30
0,1,0,2,0,,1.3341,M2,20240205,30
1,1,1,2,1,0.4084,,M2,20240205,30
1,1,0,2,0,0.3378,,M2,20240205,30
1,1,0,2,0,0.2906,,M2,20240205,30
0,0,0,2,0,0.3984,,M2,20240205,30
0,1,0,2,0,,0.9738,M2,20240205,30
1,1,0,2,0,0.3372,,M2,20240205,30
1,0,0,2,0,,0.2783,M2,20240205,30
1,1,1,2,1,0.3734,,M2,20240205,30
0,0,0,2,0,1.842,,M2,20240205,30
0,0,0,2,0,0.2847,,M2,20240205,30
0,1,0,2,0,,1.0248,M2,20240205,30
1,1,0,2,0,0.3347,,M2,20240205,30
0,1,1,2,2,,1.1654,M2,20240205,30
1,1,1,2,1,0.9249,,M2,20240205,30
1,1,0,2,0,0.369,,M2,20240205,30
0,3,1,2,1,,,M2,20240205,30
0,1,0,2,0,,0.4226,M2,20240205,30
0,3,0,2,0,,,M2,20240205,30
1,1,1,2,2,0.4983,,M2,20240205,30
0,3,0,2,0,,,M2,20240205,30
1,0,0,2,0,,1.5533,M2,20240205,30
0,1,0,2,0,,0.2669,M2,20240205,30
0,1,0,2,0,,0.9934,M2,20240205,30
0,3,0,2,0,,,M2,20240205,30
1,0,0,2,0,,1.0184,M2,20240205,30
0,1,0,2,0,,0.3216,M2,20240205,30
0,3,0,2,0,,,M2,20240205,30
1,0,0,2,0,,0.6765,M2,20240205,30
1,1,0,2,0,0.9516,,M2,20240205,30
1,1,0,2,0,1.931,,M2,20240205,30
0,3,0,2,0,,,M2,20240205,30
1,1,0,2,0,0.56,,M2,20240205,30
0,3,1,2,1,,,M2,20240205,30
1,1,0,2,0,0.7869,,M2,20240205,30
0,3,0,2,0,,,M2,20240205,30
0,3,0,2,0,,,M2,20240205,30
0,3,0,2,0,,,M2,20240205,30
1,0,0,2,0,,0.556,M2,20240205,30
0,0,0,2,0,0.5692,,M2,20240205,30
1,1,0,2,0,0.604,,M2,20240205,30
1,1,1,2,2,0.2762,,M2,20240205,30
1,0,1,2,1,,0.9792,M2,20240205,30
0,3,0,2,0,,,M2,20240205,30
1,1,1,2,2,2.3383,,M2,20240205,30
0,3,0,2,0,,,M2,20240205,30
0,1,0,2,0,,1.3249,M2,20240205,30
1,1,1,2,2,0.2724,,M2,20240205,30
0,1,0,2,0,,2.0395,M2,20240205,30
0,1,0,2,0,,1.002,M2,20240205,30
1,1,0,2,0,0.4476,,M2,20240205,30
1,1,0,2,0,0.9926,,M2,20240205,30
1,1,0,2,0,1.0339,,M2,20240205,30
0,3,1,2,1,,,M2,20240205,30
1,1,0,2,0,1.6319,,M2,20240205,30
1,0,1,2,1,,0.8704,M2,20240205,30
0,0,0,2,0,0.4054,,M2,20240223,32
1,1,0,2,0,0.8512,,M2,20240223,32
0,0,0,2,0,0.0141,,M2,20240223,32
1,1,0,2,0,0.1409,,M2,20240223,32
1,0,0,2,0,0.1127,,M2,20240223,32
0,0,1,2,1,0.0322,,M2,20240223,32
0,0,0,2,0,0.0093,,M2,20240223,32
0,0,0,2,0,0.1219,,M2,20240223,32
1,1,1,2,2,0.0277,,M2,20240223,32
0,0,0,2,0,0.3595,,M2,20240223,32
1,1,0,2,0,0.1971,,M2,20240223,32
1,1,1,2,1,0.2631,,M2,20240223,32
1,1,0,2,0,0.2638,,M2,20240223,32
0,0,0,2,0,0.5647,,M2,20240223,32
1,1,1,2,2,0.1046,,M2,20240223,32
1,1,0,2,0,0.156,,M2,20240223,32
0,0,0,2,0,0.5425,,M2,20240223,32
1,1,0,2,0,0.2108,,M2,20240223,32
1,1,0,2,0,0.1186,,M2,20240223,32
1,1,0,2,0,0.1393,,M2,20240223,32
0,0,0,2,0,0.1651,,M2,20240223,32
1,1,0,2,0,0.1648,,M2,20240223,32
0,0,1,2,2,0.1019,,M2,20240223,32
1,1,0,2,0,0.1005,,M2,20240223,32
1,1,0,2,0,0.1198,,M2,20240223,32
1,3,0,2,0,0.1425,,M2,20240223,32
1,1,1,2,2,0.0936,,M2,20240223,32
0,0,0,2,0,0.1634,,M2,20240223,32
1,1,0,2,0,0.1241,,M2,20240223,32
0,0,1,2,1,0.1398,,M2,20240223,32
0,0,0,2,0,0.3675,,M2,20240223,32
0,1,0,2,0,,0.4091,M2,20240223,32
1,1,1,2,2,0.1651,,M2,20240223,32
1,1,1,2,1,0.2207,,M2,20240223,32
1,1,1,2,1,1.3879,,M2,20240223,32
0,0,1,2,1,0.2468,,M2,20240223,32
0,0,1,2,2,0.1287,,M2,20240223,32
0,0,1,2,1,0.4255,,M2,20240223,32
1,0,0,2,0,0.1232,,M2,20240223,32
0,1,0,2,0,,0.6198,M2,20240223,32
0,1,0,2,0,,0.6433,M2,20240223,32
1,1,1,2,1,0.1678,,M2,20240223,32
1,1,0,2,0,0.1246,,M2,20240223,32
0,0,0,2,0,0.1,,M2,20240223,32
0,0,0,2,0,0.5803,,M2,20240223,32
0,1,0,2,0,,0.546,M2,20240223,32
1,1,0,2,0,0.1686,,M2,20240223,32
0,1,0,2,0,,0.5436,M2,20240223,32
1,1,0,2,0,0.2172,,M2,20240223,32
0,1,0,2,0,,0.1577,M2,20240223,32
0,0,0,2,0,0.2721,,M2,20240223,32
0,0,0,2,0,0.4422,,M2,20240223,32
1,1,1,2,2,0.2046,,M2,20240223,32
1,1,1,2,2,0.1708,,M2,20240223,32
0,0,0,2,0,0.1279,,M2,20240223,32
0,0,1,2,1,1.1035,,M2,20240223,32
0,1,1,2,2,,0.8816,M2,20240223,32
1,0,1,2,2,0.1119,,M2,20240223,32
0,0,1,2,2,0.1506,,M2,20240223,32
1,1,0,2,0,0.1926,,M2,20240223,32
1,0,1,2,2,0.1348,,M2,20240223,32
1,1,0,2,0,0.2125,,M2,20240223,32
0,0,1,2,2,0.1441,,M2,20240223,32
1,1,0,2,0,0.1169,,M2,20240223,32
0,1,0,2,0,,0.5498,M2,20240223,32
1,3,0,2,0,0.1039,,M2,20240223,32
0,0,0,2,0,0.158,,M2,20240223,32
0,1,1,2,1,,1.0467,M2,20240223,32
1,1,0,2,0,0.1582,,M2,20240223,32
1,1,0,2,0,0.1356,,M2,20240223,32
1,1,0,2,0,0.1013,,M2,20240223,32
1,1,0,2,0,0.227,,M2,20240223,32
0,1,1,2,1,,0.8892,M2,20240223,32
0,1,0,2,0,,1.0065,M2,20240223,32
1,1,0,2,0,0.1753,,M2,20240223,32
0,0,0,2,0,0.6816,,M2,20240223,32
1,1,0,2,0,0.1935,,M2,20240223,32
1,1,0,2,0,0.1641,,M2,20240223,32
1,3,0,2,0,0.1592,,M2,20240223,32
1,1,1,2,1,0.3536,,M2,20240223,32
1,1,0,2,0,0.0741,,M2,20240223,32
1,1,1,2,1,0.2965,,M2,20240223,32
1,1,0,2,0,0.1583,,M2,20240223,32
0,0,0,2,0,0.1541,,M2,20240223,32
0,0,1,2,1,0.2062,,M2,20240223,32
1,1,1,2,2,0.1474,,M2,20240223,32
1,1,0,2,0,0.1152,,M2,20240223,32
1,1,0,2,0,0.223,,M2,20240223,32
0,0,1,2,2,,0.0228,M2,20240223,32
1,1,1,2,1,0.6006,,M2,20240223,32
1,1,0,2,0,0.5035,,M2,20240223,32
0,1,1,2,1,,0.957,M2,20240223,32
1,1,1,2,1,0.1622,,M2,20240223,32
0,1,0,2,0,,0.6638,M2,20240223,32
1,1,0,2,0,0.1085,,M2,20240223,32
1,1,1,2,2,0.1633,,M2,20240223,32
1,1,1,2,1,0.1136,,M2,20240223,32
0,0,0,2,0,0.0966,,M2,20240223,32
1,1,0,2,0,0.1495,,M2,20240223,32
1,3,0,2,0,0.1888,,M2,20240223,32
1,1,0,2,0,0.121,,M2,20240223,32
0,0,0,2,0,0.2005,,M2,20240223,32
0,0,0,2,0,0.095,,M2,20240223,32
1,1,0,2,0,0.0878,,M2,20240223,32
1,1,1,2,2,0.1839,,M2,20240223,32
0,0,0,2,0,0.1093,,M2,20240223,32
1,1,0,2,0,0.0962,,M2,20240223,32
1,1,0,2,0,0.0764,,M2,20240223,32
0,0,0,2,0,0.51,,M2,20240223,32
0,1,0,2,0,,0.8208,M2,20240223,32
1,1,0,2,0,0.1281,,M2,20240223,32
0,0,0,2,0,0.1923,,M2,20240223,32
0,0,0,2,0,1.8321,,M2,20240223,32
1,1,0,2,0,0.2143,,M2,20240223,32
0,1,1,2,1,,0.8999,M2,20240223,32
1,1,1,2,2,0.2182,,M2,20240223,32
1,3,0,2,0,0.1234,,M2,20240223,32
0,1,0,2,0,,0.7322,M2,20240223,32
1,1,1,2,1,0.3764,,M2,20240223,32
1,1,1,2,2,0.2957,,M2,20240223,32
1,1,1,2,1,0.4204,,M2,20240223,32
0,0,0,2,0,0.2786,,M2,20240223,32
1,1,0,2,0,0.2443,,M2,20240223,32
1,1,0,2,0,0.2182,,M2,20240223,32
1,1,1,2,2,0.2258,,M2,20240223,32
1,1,0,2,0,0.0866,,M2,20240223,32
0,0,0,2,0,0.2119,,M2,20240223,32
1,1,1,2,2,0.2724,,M2,20240223,32
0,1,0,2,0,,0.592,M2,20240223,32
1,3,0,2,0,0.1625,,M2,20240223,32
0,0,0,2,0,0.1957,,M2,20240223,32
1,1,0,2,0,0.2363,,M2,20240223,32
0,1,0,2,0,,1.0015,M2,20240223,32
1,1,0,2,0,0.0902,,M2,20240223,32
1,1,0,2,0,0.1696,,M2,20240223,32
1,1,0,2,0,0.1695,,M2,20240223,32
0,1,0,2,0,,0.7143,M2,20240223,32
0,3,1,2,2,,,M2,20240223,32
1,1,0,2,0,0.3425,,M2,20240223,32
0,0,1,2,2,0.1452,,M2,20240223,32
0,1,0,2,0,,0.8061,M2,20240223,32
0,0,0,2,0,0.6478,,M2,20240223,32
1,1,1,2,2,0.3309,,M2,20240223,32
0,1,1,2,2,,0.6849,M2,20240223,32
1,1,0,2,0,0.4067,,M2,20240223,32
0,0,0,2,0,0.5915,,M2,20240223,32
0,3,0,2,0,,,M2,20240223,32
1,1,0,2,0,0.4082,,M2,20240223,32
0,1,0,2,0,,0.7332,M2,20240223,32
0,0,1,2,1,0.5204,,M2,20240223,32
1,1,0,2,0,0.1034,,M2,20240223,32
1,3,0,2,0,0.1948,,M2,20240223,32
1,3,0,2,0,0.1064,,M2,20240223,32
0,1,0,2,0,,0.7314,M2,20240223,32
0,0,0,2,0,0.5871,,M2,20240223,32
0,1,0,2,0,,0.6411,M2,20240223,32
1,1,0,2,0,0.2006,,M2,20240223,32
1,1,0,2,0,0.2106,,M2,20240223,32
1,3,0,2,0,0.1979,,M2,20240223,32
1,1,0,2,0,0.1779,,M2,20240223,32
0,3,1,2,1,,,M2,20240223,32
0,1,0,2,0,,0.8399,M2,20240223,32
1,1,0,2,0,0.2064,,M2,20240223,32
1,1,0,2,0,0.2018,,M2,20240223,32
0,1,0,2,0,,0.8301,M2,20240223,32
1,1,1,2,1,0.3868,,M2,20240223,32
0,0,0,2,0,0.8531,,M2,20240223,32
0,3,1,2,1,,,M2,20240223,32
1,1,0,2,0,0.1706,,M2,20240223,32
1,1,0,2,0,0.2475,,M2,20240223,32
0,3,0,2,0,,,M2,20240223,32
1,1,1,2,1,0.3257,,M2,20240223,32
0,0,0,2,0,0.5447,,M2,20240223,32
0,1,1,2,1,,5.0061,M2,20240223,32
0,0,0,2,0,0.351,,M2,20240223,32
1,1,0,2,0,1.9223,,M2,20240223,32
0,3,0,2,0,,,M2,20240223,32
0,0,1,2,2,2.3598,,M2,20240223,32
1,1,0,2,0,0.4256,,M2,20240223,32
1,1,0,2,0,0.4051,,M2,20240223,32
1,1,0,2,0,0.2398,,M2,20240223,32
0,3,0,2,0,,,M2,20240223,32
1,1,0,2,0,1.3395,,M2,20240223,32
0,1,0,2,0,,4.4686,M1,20240129,29
1,1,0,2,0,0.2827,,M1,20240129,29
0,3,0,2,0,,,M1,20240129,29
1,1,1,2,1,0.3997,,M1,20240129,29
0,1,0,2,0,,0.5082,M1,20240129,29
0,0,0,2,0,0.2669,,M1,20240129,29
0,1,1,2,1,,0.856,M1,20240129,29
1,1,0,2,0,0.1467,,M1,20240129,29
1,1,1,2,1,0.8146,,M1,20240129,29
1,1,0,2,0,0.1274,,M1,20240129,29
0,0,0,2,0,0.1628,,M1,20240129,29
0,0,0,2,0,0.4376,,M1,20240129,29
1,1,0,2,0,0.1446,,M1,20240129,29
0,0,0,2,0,0.2945,,M1,20240129,29
1,1,0,2,0,0.1172,,M1,20240129,29
0,0,0,2,0,0.5392,,M1,20240129,29
1,1,1,2,2,0.1424,,M1,20240129,29
0,0,1,2,1,0.6336,,M1,20240129,29
1,1,0,2,0,0.1956,,M1,20240129,29
1,1,0,2,0,0.3158,,M1,20240129,29
0,1,1,2,1,,1.301,M1,20240129,29
1,3,1,2,1,,,M1,20240129,29
1,3,0,2,0,,,M1,20240129,29
1,1,0,2,0,0.405,,M1,20240129,29
0,0,0,2,0,0.5666,,M1,20240129,29
0,0,0,2,0,0.6844,,M1,20240129,29
1,1,1,2,1,0.3918,,M1,20240129,29
1,1,0,2,0,0.9432,,M1,20240129,29
0,0,0,2,0,0.2736,,M1,20240129,29
0,1,0,2,0,,0.6001,M1,20240129,29
0,3,0,2,0,,,M1,20240129,29
0,1,0,2,0,,0.6483,M1,20240129,29
1,1,1,2,1,0.9739,,M1,20240129,29
0,0,1,2,1,0.591,,M1,20240129,29
1,1,1,2,1,0.317,,M1,20240129,29
1,1,1,2,1,0.442,,M1,20240129,29
1,1,0,2,0,0.5952,,M1,20240129,29
0,1,0,2,0,,0.9535,M1,20240129,29
0,1,0,2,0,,0.9146,M1,20240129,29
1,1,0,2,0,0.3785,,M1,20240129,29
1,1,1,2,2,0.3082,,M1,20240129,29
0,1,0,2,0,,0.8238,M1,20240129,29
1,3,0,2,0,,,M1,20240129,29
1,1,0,2,0,0.352,,M1,20240129,29
1,1,0,2,0,0.2426,,M1,20240129,29
0,1,0,2,0,,1.3752,M1,20240129,29
1,1,1,2,2,0.2492,,M1,20240129,29
1,1,0,2,0,0.4906,,M1,20240129,29
1,1,0,2,0,0.2698,,M1,20240129,29
0,0,1,2,2,0.2451,,M1,20240129,29
0,1,1,2,1,,0.688,M1,20240129,29
1,1,0,2,0,0.3348,,M1,20240129,29
0,1,0,2,0,,1.0613,M1,20240129,29
0,3,1,2,2,,,M1,20240129,29
1,1,1,2,2,0.2909,,M1,20240129,29
0,0,0,2,0,0.7353,,M1,20240129,29
1,1,0,2,0,0.3172,,M1,20240129,29
0,0,0,2,0,0.4431,,M1,20240129,29
1,1,1,2,1,0.5288,,M1,20240129,29
1,1,0,2,0,0.2216,,M1,20240129,29
0,3,0,2,0,,,M1,20240129,29
1,1,1,2,2,0.4146,,M1,20240129,29
1,1,0,2,0,0.2962,,M1,20240129,29
0,3,0,2,0,,,M1,20240129,29
1,1,1,2,2,0.3543,,M1,20240129,29
0,1,0,2,0,,1.5098,M1,20240129,29
0,3,0,2,0,,,M1,20240129,29
0,3,1,2,2,,,M1,20240129,29
1,1,1,2,1,1.2378,,M1,20240129,29
0,3,0,2,0,,,M1,20240129,29
0,0,0,2,0,0.2387,,M1,20240129,29
1,1,1,2,2,0.1515,,M1,20240129,29
0,1,1,2,2,,4.3934,M1,20240129,29
0,3,0,2,0,,,M1,20240129,29
1,1,0,2,0,0.231,,M1,20240129,29
0,1,1,2,2,,0.7412,M1,20240129,29
1,1,0,2,0,0.3094,,M1,20240129,29
0,3,0,2,0,,,M1,20240129,29
1,1,0,2,0,0.4884,,M1,20240129,29
0,3,0,2,0,,,M1,20240129,29
1,1,0,2,0,0.3229,,M1,20240129,29
1,1,1,2,1,0.5965,,M1,20240129,29
0,0,0,2,0,0.2928,,M1,20240129,29
0,1,1,2,1,,0.873,M1,20240129,29
0,3,0,2,0,,,M1,20240129,29
1,1,1,2,1,1.1469,,M1,20240129,29
0,3,1,2,1,,,M1,20240129,29
1,0,1,2,2,,3.2383,M1,20240129,29
0,0,1,2,1,0.6419,,M1,20240129,29
1,1,0,2,0,1.2396,,M1,20240129,29
1,1,0,2,0,0.3971,,M1,20240129,29
1,1,1,2,2,1.2096,,M1,20240129,29
0,3,1,2,2,,,M1,20240129,29
0,1,0,2,0,,1.7271,M1,20240129,29
1,1,0,2,0,0.3023,,M1,20240129,29
1,1,0,2,0,0.4483,,M1,20240129,29
0,3,0,2,0,,,M1,20240129,29
0,3,0,2,0,,,M1,20240129,29
0,1,1,2,2,,4.4206,M1,20240129,29
1,3,0,2,0,,,M1,20240129,29
0,3,0,2,0,,,M1,20240129,29
1,1,0,2,0,0.4459,,M1,20240129,29
0,1,1,2,1,,0.9505,M1,20240129,29
1,1,0,2,0,0.675,,M1,20240129,29
1,1,1,2,2,0.1644,,M1,20240129,29
0,0,0,2,0,0.2114,,M1,20240129,29
1,1,0,2,0,0.3063,,M1,20240129,29
0,1,0,2,0,,1.6185,M1,20240129,29
0,1,0,2,0,,2.2136,M1,20240129,29
1,3,0,2,0,,,M1,20240129,29
0,0,1,2,1,0.8615,,M1,20240129,29
1,1,1,2,1,0.398,,M1,20240129,29
1,1,0,2,0,0.2722,,M1,20240129,29
0,3,1,2,2,,,M1,20240129,29
0,1,1,2,1,,2.172,M1,20240129,29
0,1,0,2,0,,1.8034,M1,20240129,29
1,1,0,2,0,0.3199,,M1,20240129,29
1,1,1,2,2,1.0542,,M1,20240129,29
0,3,1,2,1,,,M1,20240129,29
0,3,0,2,0,,,M1,20240129,29
0,3,0,2,0,,,M1,20240129,29
1,1,0,2,0,0.4824,,M1,20240129,29
0,3,0,2,0,,,M1,20240129,29
0,3,0,2,0,,,M1,20240129,29
0,3,0,2,0,,,M1,20240207,30
0,1,0,2,0,,0.6723,M1,20240207,30
0,0,1,2,1,1.5351,,M1,20240207,30
1,0,0,2,0,,1.0828,M1,20240207,30
1,1,0,2,0,0.1418,,M1,20240207,30
1,1,0,2,0,0.234,,M1,20240207,30
0,1,0,2,0,,0.8752,M1,20240207,30
1,1,0,2,0,0.1744,,M1,20240207,30
0,1,1,2,2,,0.2861,M1,20240207,30
1,1,0,2,0,0.2711,,M1,20240207,30
0,0,1,2,2,0.2291,,M1,20240207,30
1,1,0,2,0,0.2183,,M1,20240207,30
0,1,1,2,1,,0.5665,M1,20240207,30
1,1,0,2,0,0.5335,,M1,20240207,30
0,3,0,2,0,,,M1,20240207,30
1,1,0,2,0,0.2472,,M1,20240207,30
0,1,1,2,2,,0.817,M1,20240207,30
1,0,0,2,0,,0.4481,M1,20240207,30
0,0,0,2,0,0.2619,,M1,20240207,30
1,1,0,2,0,0.2965,,M1,20240207,30
1,1,0,2,0,0.2076,,M1,20240207,30
1,1,0,2,0,0.2461,,M1,20240207,30
0,1,0,2,0,,0.7751,M1,20240207,30
0,0,0,2,0,0.3499,,M1,20240207,30
1,1,0,2,0,0.1504,,M1,20240207,30
0,1,0,2,0,,0.7737,M1,20240207,30
0,1,0,2,0,,0.748,M1,20240207,30
0,1,0,2,0,,0.6747,M1,20240207,30
1,1,1,2,1,0.3178,,M1,20240207,30
0,0,1,2,2,0.1541,,M1,20240207,30
0,1,0,2,0,,0.9666,M1,20240207,30
1,1,1,2,2,0.2052,,M1,20240207,30
1,1,1,2,1,0.792,,M1,20240207,30
1,1,0,2,0,0.3201,,M1,20240207,30
0,0,0,2,0,0.2177,,M1,20240207,30
1,1,0,2,0,0.4258,,M1,20240207,30
1,1,0,2,0,0.1951,,M1,20240207,30
0,0,0,2,0,1.2701,,M1,20240207,30
1,1,1,2,2,0.4553,,M1,20240207,30
0,1,0,2,0,,0.336,M1,20240207,30
0,1,0,2,0,,0.7822,M1,20240207,30
1,1,0,2,0,0.395,,M1,20240207,30
0,1,0,2,0,,0.6592,M1,20240207,30
1,0,0,2,0,,0.2665,M1,20240207,30
0,1,0,2,0,,0.2274,M1,20240207,30
0,1,0,2,0,,1.0603,M1,20240207,30
1,0,1,2,2,,0.2834,M1,20240207,30
1,1,1,2,2,0.264,,M1,20240207,30
1,1,1,2,2,0.2258,,M1,20240207,30
0,1,0,2,0,,1.3444,M1,20240207,30
1,1,0,2,0,0.3963,,M1,20240207,30
1,1,0,2,0,0.1791,,M1,20240207,30
1,1,0,2,0,0.1755,,M1,20240207,30
0,1,0,2,0,,0.7604,M1,20240207,30
1,1,0,2,0,0.5456,,M1,20240207,30
1,1,0,2,0,0.4465,,M1,20240207,30
1,1,1,2,2,0.386,,M1,20240207,30
0,1,1,2,2,,0.4235,M1,20240207,30
1,1,0,2,0,0.2028,,M1,20240207,30
0,1,1,2,1,,1.032,M1,20240207,30
0,1,1,2,1,,0.8425,M1,20240207,30
0,1,1,2,2,,1.1546,M1,20240207,30
1,1,0,2,0,0.2482,,M1,20240207,30
0,0,1,2,1,0.2775,,M1,20240207,30
1,0,0,2,0,,0.9905,M1,20240207,30
1,1,0,2,0,0.4723,,M1,20240207,30
0,1,0,2,0,,0.8221,M1,20240207,30
1,1,1,2,2,0.1882,,M1,20240207,30
1,1,1,2,1,0.2039,,M1,20240207,30
1,1,1,2,1,0.3705,,M1,20240207,30
0,0,1,2,2,0.1899,,M1,20240207,30
1,1,0,2,0,0.2236,,M1,20240207,30
0,1,1,2,1,,2.1146,M1,20240207,30
0,1,0,2,0,,1.388,M1,20240207,30
0,1,0,2,0,,1.976,M1,20240207,30
1,0,0,2,0,,0.253,M1,20240207,30
1,1,0,2,0,0.4277,,M1,20240207,30
0,0,1,2,1,0.5914,,M1,20240207,30
0,1,0,2,0,,1.1485,M1,20240207,30
1,1,0,2,0,0.3253,,M1,20240207,30
0,1,0,2,0,,0.8033,M1,20240207,30
0,1,0,2,0,,1.449,M1,20240207,30
0,1,0,2,0,,1.1003,M1,20240207,30
1,1,0,2,0,0.8047,,M1,20240207,30
1,1,1,2,1,0.2859,,M1,20240207,30
1,1,0,2,0,0.2428,,M1,20240207,30
0,1,0,2,0,,2.353,M1,20240207,30
0,1,1,2,2,,1.0478,M1,20240207,30
0,1,1,2,2,,1.1195,M1,20240207,30
1,1,0,2,0,0.3853,,M1,20240207,30
1,1,0,2,0,0.2936,,M1,20240207,30
1,1,0,2,0,0.2293,,M1,20240207,30
0,1,0,2,0,,3.2021,M1,20240207,30
0,0,0,2,0,0.7525,,M1,20240207,30
0,1,1,2,1,,1.1831,M1,20240207,30
1,1,0,2,0,0.458,,M1,20240207,30
1,1,0,2,0,0.4044,,M1,20240207,30
0,1,0,2,0,,1.0312,M1,20240207,30
1,1,0,2,0,0.3427,,M1,20240207,30
0,1,1,2,1,,0.9636,M1,20240207,30
1,1,0,2,0,0.1699,,M1,20240207,30
0,1,0,2,0,,0.902,M1,20240207,30
0,1,1,2,2,,1.2228,M1,20240207,30
1,0,0,2,0,,0.2777,M1,20240207,30
0,0,1,2,2,1.2099,,M1,20240207,30
0,1,0,2,0,,1.2267,M1,20240207,30
1,0,0,2,0,,0.5771,M1,20240207,30
0,0,1,2,2,0.4,,M1,20240207,30
0,1,1,2,2,,0.6915,M1,20240207,30
1,1,0,2,0,0.2263,,M1,20240207,30
0,0,0,2,0,0.1672,,M1,20240207,30
1,1,0,2,0,0.5924,,M1,20240207,30
1,1,0,2,0,0.247,,M1,20240207,30
1,1,0,2,0,0.3325,,M1,20240207,30
0,0,1,2,2,,0.167,M1,20240207,30
1,1,0,2,0,0.4361,,M1,20240207,30
0,0,1,2,1,1.1622,,M1,20240207,30
0,1,0,2,0,,0.7349,M1,20240207,30
0,1,1,2,2,,1.016,M1,20240207,30
1,1,0,2,0,0.3303,,M1,20240207,30
0,1,0,2,0,,1.0202,M1,20240207,30
1,1,0,2,0,0.9999,,M1,20240207,30
1,1,1,2,2,0.3095,,M1,20240207,30
0,0,1,2,1,1.1633,,M1,20240207,30
0,1,0,2,0,,1.32,M1,20240207,30
1,1,1,2,1,0.383,,M1,20240207,30
1,1,1,2,1,0.3928,,M1,20240207,30
0,1,0,2,0,,1.1511,M1,20240207,30
1,1,0,2,0,1.4417,,M1,20240207,30
1,1,0,2,0,0.2085,,M1,20240207,30
0,0,0,2,0,1.1872,,M1,20240207,30
1,1,1,2,2,0.1803,,M1,20240207,30
0,0,1,2,1,0.7559,,M1,20240207,30
1,1,0,2,0,0.3848,,M1,20240207,30
0,1,0,2,0,,0.718,M1,20240207,30
0,1,0,2,0,,0.6776,M1,20240207,30
1,1,0,2,0,0.3022,,M1,20240207,30
0,1,0,2,0,,0.9799,M1,20240207,30
0,1,0,2,0,,0.9702,M1,20240207,30
1,1,1,2,1,1.3494,,M1,20240207,30
0,1,0,2,0,,1.0887,M1,20240207,30
0,1,0,2,0,,1.9605,M1,20240207,30
1,1,0,2,0,0.898,,M1,20240207,30
1,1,0,2,0,0.2129,,M1,20240207,30
1,1,0,2,0,0.4625,,M1,20240207,30
0,1,0,2,0,,0.9119,M1,20240207,30
0,1,0,2,0,,1.0458,M1,20240207,30
1,1,0,2,0,0.2308,,M1,20240207,30
1,1,1,2,2,0.2409,,M1,20240207,30
0,1,0,2,0,,0.6427,M1,20240207,30
1,1,0,2,0,0.4273,,M1,20240207,30
1,1,0,2,0,0.3308,,M1,20240207,30
0,0,1,2,2,0.974,,M1,20240207,30
1,1,0,2,0,0.8657,,M1,20240207,30
1,1,0,2,0,0.219,,M1,20240207,30
0,1,0,2,0,,1.082,M1,20240207,30
0,0,0,2,0,0.5024,,M1,20240207,30
0,1,1,2,1,,1.2442,M1,20240207,30
1,1,1,2,1,0.5089,,M1,20240207,30
0,1,0,2,0,,1.3328,M1,20240207,30
0,1,0,2,0,,1.1485,M1,20240207,30
1,1,0,2,0,0.3626,,M1,20240207,30
1,1,0,2,0,0.2628,,M1,20240207,30
1,1,0,2,0,0.2596,,M1,20240207,30
0,1,0,2,0,,1.2584,M1,20240207,30
0,1,0,2,0,,1.1866,M1,20240207,30
1,1,1,2,1,0.4013,,M1,20240207,30
1,1,0,2,0,0.2198,,M1,20240207,30
1,1,0,2,0,0.1845,,M1,20240207,30
0,0,1,2,2,0.2406,,M1,20240207,30
0,1,0,2,0,,1.2012,M1,20240207,30
1,1,0,2,0,0.2669,,M1,20240207,30
0,0,0,2,0,0.4655,,M1,20240207,30
1,1,1,2,1,0.4503,,M1,20240207,30
0,1,1,2,2,,1.116,M1,20240207,30
0,1,0,2,0,,1.0752,M1,20240207,30
1,1,0,2,0,0.2674,,M1,20240207,30
1,1,0,2,0,0.265,,M1,20240207,30
0,1,0,2,0,,1.32,M1,20240207,30
0,1,0,2,0,,0.769,M1,20240207,30
0,1,1,2,1,,1.3524,M1,20240207,30
1,1,0,2,0,0.2823,,M1,20240207,30
1,1,1,2,2,0.3721,,M1,20240207,30
0,0,0,2,0,0.4093,,M1,20240207,30
1,1,1,2,1,0.4316,,M1,20240207,30
1,1,0,2,0,0.5077,,M1,20240207,30
0,1,1,2,2,,1.1639,M1,20240207,30
1,1,0,2,0,0.2901,,M1,20240207,30
1,1,0,2,0,0.4083,,M1,20240207,30
0,3,0,2,0,,,M1,20240207,30
0,1,0,2,0,,0.964,M1,20240207,30
0,0,0,2,0,1.97,,M1,20240207,30
1,3,0,2,0,,,M1,20240207,30
0,1,0,2,0,,2.5045,M1,20240207,30
0,0,0,2,0,0.427,,M1,20240207,30
1,1,1,2,2,0.3778,,M1,20240207,30
1,1,0,2,0,0.6791,,M1,20240207,30
1,1,0,2,0,0.3309,,M1,20240207,30
0,3,0,2,0,,,M1,20240207,30
0,1,1,2,2,,1.8747,M1,20240207,30
1,1,0,2,0,0.2653,,M1,20240207,30
1,1,0,2,0,0.2183,,M1,20240207,30
1,1,0,2,0,0.2012,,M1,20240207,30
0,1,0,2,0,,1.4724,M1,20240207,30
0,1,1,2,2,,4.2706,M1,20240207,30
0,1,0,2,0,,1.49,M1,20240207,30
1,1,0,2,0,0.6483,,M1,20240207,30
0,0,0,2,0,0.8522,,M1,20240207,30
1,1,0,2,0,0.5672,,M1,20240207,30
0,1,1,2,2,,0.9471,M1,20240207,30
1,1,0,2,0,0.3417,,M1,20240207,30
1,1,1,2,2,0.2737,,M1,20240207,30
1,1,1,2,2,0.2893,,M1,20240207,30
0,0,0,2,0,0.6611,,M1,20240207,30
0,0,1,2,1,0.207,,M1,20240207,30
1,1,1,2,2,0.2759,,M1,20240207,30
1,1,0,2,0,0.4883,,M1,20240207,30
0,1,0,2,0,,0.9557,M1,20240207,30
0,1,0,2,0,,1.0792,M1,20240207,30
1,1,0,2,0,0.6218,,M1,20240207,30
1,1,0,2,0,0.3433,,M1,20240207,30
0,1,0,2,0,,1.1661,M1,20240207,30
0,1,0,2,0,,0.8397,M1,20240207,30
0,1,0,2,0,,1.0153,M1,20240207,30
1,1,0,2,0,0.2735,,M1,20240207,30
1,1,1,2,1,0.4535,,M1,20240207,30
1,1,1,2,2,0.1922,,M1,20240207,30
1,1,0,2,0,0.2542,,M1,20240207,30
0,0,1,2,1,0.9077,,M1,20240207,30
1,1,0,2,0,0.7994,,M1,20240207,30
0,1,0,2,0,,0.7752,M1,20240207,30
1,0,0,2,0,,0.2817,M1,20240207,30
1,1,0,2,0,0.238,,M1,20240207,30
0,1,0,2,0,,1.4918,M1,20240207,30
1,0,0,2,0,,0.6675,M1,20240207,30
1,1,0,2,0,0.2988,,M1,20240207,30
1,1,1,2,1,1.5009,,M1,20240207,30
0,3,0,2,0,,,M1,20240207,30
1,1,0,2,0,0.9282,,M1,20240207,30
0,3,0,2,0,,,M1,20240207,30
0,3,1,2,1,,,M1,20240207,30
1,0,1,2,1,,0.4718,M1,20240207,30
0,0,0,2,0,0.3522,,M1,20240207,30
1,1,1,2,1,1.1322,,M1,20240207,30
1,1,0,2,0,0.281,,M1,20240207,30
1,1,1,2,2,0.1874,,M1,20240207,30
0,1,0,2,0,,1.1871,M1,20240207,30
0,3,1,2,1,,,M1,20240207,30
1,1,0,2,0,0.4982,,M1,20240212,31
1,1,0,2,0,0.1793,,M1,20240212,31
0,0,0,2,0,0.3447,,M1,20240212,31
1,1,1,2,2,0.3408,,M1,20240212,31
0,1,1,2,2,,0.0994,M1,20240212,31
0,1,0,2,0,,0.7471,M1,20240212,31
0,1,0,2,0,,0.5884,M1,20240212,31
1,1,1,2,1,2.414,,M1,20240212,31
1,1,1,2,1,1.0675,,M1,20240212,31
1,3,1,2,2,0.1717,,M1,20240212,31
0,1,0,2,0,,0.6613,M1,20240212,31
0,1,0,2,0,,0.7744,M1,20240212,31
1,1,0,2,0,0.3611,,M1,20240212,31
1,1,0,2,0,0.2566,,M1,20240212,31
1,1,0,2,0,0.174,,M1,20240212,31
0,1,1,2,1,,0.8358,M1,20240212,31
1,1,0,2,0,0.4287,,M1,20240212,31
1,1,0,2,0,0.2617,,M1,20240212,31
0,1,1,2,2,,0.7503,M1,20240212,31
1,0,1,2,1,,0.7081,M1,20240212,31
0,1,1,2,2,,0.5464,M1,20240212,31
1,1,0,2,0,0.1104,,M1,20240212,31
1,1,1,2,2,0.1326,,M1,20240212,31
0,1,0,2,0,,0.7846,M1,20240212,31
0,1,0,2,0,,0.6768,M1,20240212,31
1,1,1,2,2,0.2927,,M1,20240212,31
0,1,0,2,0,,0.769,M1,20240212,31
1,1,0,2,0,0.1992,,M1,20240212,31
1,1,0,2,0,0.1896,,M1,20240212,31
0,0,1,2,1,1.1119,,M1,20240212,31
0,1,0,2,0,,0.5587,M1,20240212,31
1,0,0,2,0,,0.312,M1,20240212,31
1,1,0,2,0,0.1524,,M1,20240212,31
0,1,0,2,0,,0.4727,M1,20240212,31
1,0,0,2,0,,0.7354,M1,20240212,31
0,1,0,2,0,,0.763,M1,20240212,31
1,1,0,2,0,0.1491,,M1,20240212,31
1,0,0,2,0,0.1808,,M1,20240212,31
0,1,0,2,0,,0.9669,M1,20240212,31
0,1,1,2,1,,0.9389,M1,20240212,31
0,1,0,2,0,,0.9925,M1,20240212,31
1,1,0,2,0,0.317,,M1,20240212,31
1,1,0,2,0,0.5393,,M1,20240212,31
1,1,0,2,0,0.2288,,M1,20240212,31
0,1,1,2,2,,0.8421,M1,20240212,31
0,1,0,2,0,,1.1475,M1,20240212,31
0,1,0,2,0,,0.7203,M1,20240212,31
1,1,0,2,0,0.4012,,M1,20240212,31
0,1,0,2,0,,0.9789,M1,20240212,31
1,1,1,2,1,0.4591,,M1,20240212,31
0,1,0,2,0,,0.8954,M1,20240212,31
1,1,0,2,0,0.4888,,M1,20240212,31
1,1,0,2,0,0.2046,,M1,20240212,31
1,1,1,2,1,0.3246,,M1,20240212,31
0,1,1,2,2,,0.7341,M1,20240212,31
1,1,1,2,1,0.5671,,M1,20240212,31
1,1,0,2,0,0.1839,,M1,20240212,31
0,1,0,2,0,,0.8882,M1,20240212,31
0,1,0,2,0,,1.1927,M1,20240212,31
1,1,1,2,1,0.3094,,M1,20240212,31
0,1,0,2,0,,1.0201,M1,20240212,31
1,1,0,2,0,0.3068,,M1,20240212,31
1,1,0,2,0,0.1924,,M1,20240212,31
1,1,1,2,2,0.1609,,M1,20240212,31
0,1,0,2,0,,0.8498,M1,20240212,31
0,0,0,2,0,0.2495,,M1,20240212,31
0,1,1,2,2,,0.6824,M1,20240212,31
1,1,0,2,0,0.3204,,M1,20240212,31
1,1,0,2,0,0.1822,,M1,20240212,31
0,1,1,2,2,,1.1271,M1,20240212,31
1,1,0,2,0,0.7732,,M1,20240212,31
1,1,1,2,2,0.238,,M1,20240212,31
0,1,0,2,0,,0.6385,M1,20240212,31
1,1,0,2,0,0.3606,,M1,20240212,31
1,1,0,2,0,0.398,,M1,20240212,31
1,1,0,2,0,0.5456,,M1,20240212,31
0,1,0,2,0,,0.9307,M1,20240212,31
0,1,0,2,0,,0.7254,M1,20240212,31
0,1,0,2,0,,1.2268,M1,20240212,31
1,1,0,2,0,0.4677,,M1,20240212,31
1,1,1,2,1,0.4836,,M1,20240212,31
0,0,1,2,1,1.2359,,M1,20240212,31
0,1,1,2,1,,0.8252,M1,20240212,31
0,1,0,2,0,,0.852,M1,20240212,31
1,1,0,2,0,0.3256,,M1,20240212,31
1,1,0,2,0,0.3555,,M1,20240212,31
0,1,0,2,0,,1.2966,M1,20240212,31
0,1,1,2,2,,0.2913,M1,20240212,31
1,1,0,2,0,0.2688,,M1,20240212,31
1,1,1,2,2,0.2821,,M1,20240212,31
1,0,1,2,2,,0.2458,M1,20240212,31
0,1,0,2,0,,1.5425,M1,20240212,31
0,1,0,2,0,,0.8026,M1,20240212,31
1,1,0,2,0,0.3263,,M1,20240212,31
0,0,1,2,1,1.081,,M1,20240212,31
1,1,0,2,0,0.9168,,M1,20240212,31
1,1,0,2,0,0.7687,,M1,20240212,31
0,1,1,2,2,,1.5052,M1,20240212,31
0,1,1,2,1,,1.9199,M1,20240212,31
0,1,1,2,1,,1.5635,M1,20240212,31
1,1,0,2,0,0.2777,,M1,20240212,31
0,1,0,2,0,,0.9537,M1,20240212,31
1,0,0,2,0,,0.4849,M1,20240212,31
0,1,0,2,0,,1.1095,M1,20240212,31
0,0,0,2,0,0.2541,,M1,20240212,31
0,0,1,2,1,1.6562,,M1,20240212,31
1,1,0,2,0,0.3179,,M1,20240212,31
0,1,0,2,0,,1.5188,M1,20240212,31
0,1,0,2,0,,1.2893,M1,20240212,31
0,3,0,2,0,,,M1,20240212,31
1,1,0,2,0,0.5071,,M1,20240212,31
1,1,0,2,0,0.3694,,M1,20240212,31
0,3,0,2,0,,,M1,20240212,31
0,1,0,2,0,,1.2562,M1,20240212,31
0,1,0,2,0,,1.0393,M1,20240212,31
1,1,0,2,0,2.4488,,M1,20240212,31
1,1,0,2,0,0.662,,M1,20240212,31
1,1,0,2,0,1.4298,,M1,20240212,31
0,1,0,2,0,,1.2363,M1,20240212,31
0,3,0,2,0,,,M1,20240212,31
0,1,0,2,0,,1.0691,M1,20240212,31
1,1,0,2,0,0.4731,,M1,20240212,31
0,3,0,2,0,,,M1,20240212,31
1,1,1,2,2,0.7015,,M1,20240212,31
0,1,1,2,1,,1.8652,M1,20240212,31
0,3,1,2,1,,,M1,20240212,31
0,1,0,2,0,,1.0805,M1,20240212,31
1,1,0,2,0,0.6048,,M1,20240212,31
0,3,0,2,0,,,M1,20240212,31
1,1,0,2,0,0.4987,,M1,20240212,31
0,1,0,2,0,,0.9837,M1,20240212,31
0,3,1,2,2,,,M1,20240212,31
0,1,1,2,2,,1.0025,M1,20240212,31
1,1,0,2,0,0.3383,,M1,20240212,31
0,1,0,2,0,,1.0363,M1,20240212,31
0,1,0,2,0,,0.7034,M1,20240212,31
1,1,0,2,0,0.364,,M1,20240212,31
0,3,0,2,0,,,M1,20240212,31
0,3,0,2,0,,,M1,20240212,31
1,1,0,2,0,3.4467,,M1,20240212,31
0,1,0,2,0,,0.7856,M1,20240212,31
0,1,0,2,0,,1.9228,M1,20240212,31
0,0,1,2,1,1.8245,,M1,20240212,31
1,1,1,2,2,0.6615,,M1,20240212,31
0,3,0,2,0,,,M1,20240212,31
1,1,0,2,0,0.4654,,M1,20240212,31
0,3,0,2,0,,,M1,20240212,31
0,3,0,2,0,,,M1,20240212,31
1,1,0,2,0,0.9149,,M1,20240212,31
0,0,0,2,0,0.3597,,M1,20240212,31
0,3,0,2,0,,,M1,20240212,31
0,3,0,2,0,,,M1,20240212,31
1,1,1,2,1,1.4885,,M1,20240212,31
1,1,1,2,2,0.7031,,M1,20240212,31
0,3,1,2,2,,,M1,20240212,31
0,3,0,2,0,,,M1,20240212,31
1,1,0,2,0,0.8976,,M1,20240212,31
0,1,0,2,0,,1.9179,M1,20240212,31
1,1,0,2,0,0.4884,,M1,20240212,31
0,3,0,2,0,,,M1,20240212,31
1,1,0,2,0,1.3038,,M1,20240212,31
1,1,1,2,1,1.0948,,M1,20240212,31
1,1,1,2,2,0.7247,,M1,20240212,31
0,3,0,2,0,,,M1,20240212,31
0,1,0,2,0,,2.704,M1,20240212,31
1,3,0,2,0,,,M1,20240212,31
0,0,0,2,0,1.3908,,M1,20240212,31
0,3,0,2,0,,,M1,20240212,31
0,3,1,2,2,,,M1,20240212,31
1,1,1,2,1,1.1678,,M1,20240212,31
1,1,0,2,0,0.5205,,M1,20240212,31
1,3,0,2,0,,,M1,20240212,31
0,3,0,2,0,,,M1,20240212,31
0,1,0,2,0,,1.6694,M1,20240212,31
0,1,0,2,0,,1.688,M1,20240212,31
1,1,1,2,2,0.8719,,M1,20240212,31
1,0,0,2,0,,0.9466,M1,20240212,31
1,1,0,2,0,1.2105,,M1,20240212,31
0,3,0,2,0,,,M1,20240212,31
1,3,1,2,2,,,M1,20240212,31
1,1,0,2,0,0.4443,,M1,20240212,31
1,1,1,2,2,1.5983,,M1,20240212,31
0,3,1,2,2,,,M1,20240212,31
1,1,0,2,0,1.0868,,M1,20240212,31
0,3,0,2,0,,,M1,20240212,31
1,1,0,2,0,1.259,,M1,20240212,31
1,1,0,2,0,1.4526,,M1,20240212,31
0,3,0,2,0,,,M1,20240212,31
0,3,0,2,0,,,M1,20240212,31
0,3,0,2,0,,,M1,20240212,31
1,0,0,2,0,,1.5838,M1,20240212,31
1,1,1,2,2,0.2917,,M1,20240212,31
0,3,1,2,2,,,M1,20240212,31
1,1,1,2,2,0.6978,,M1,20240212,31
1,1,1,2,1,1.6531,,M1,20240212,31
1,1,0,2,0,0.4212,,M1,20240212,31
0,3,0,2,0,,,M1,20240212,31
1,3,0,2,0,,,M1,20240212,31
0,1,1,2,2,,1.9315,M1,20240212,31
0,3,1,2,2,,,M1,20240212,31
0,3,1,2,2,,,M1,20240212,31
1,1,0,2,0,0.6607,,M1,20240212,31
1,1,1,2,2,0.3109,,M1,20240212,31
1,3,0,2,0,,,M1,20240212,31
0,3,1,2,1,,,M1,20240212,31
0,3,0,2,0,,,M1,20240212,31
1,3,0,2,0,,,M1,20240212,31
1,1,0,2,0,0.8293,,M1,20240212,31
0,1,0,2,0,,1.5855,M1,20240212,31
1,1,0,2,0,0.7889,,M1,20240212,31
1,3,0,2,0,,,M1,20240212,31
1,1,1,2,2,0.4094,,M1,20240212,31
0,3,1,2,1,,,M1,20240212,31
0,0,1,2,2,6.3408,,M1,20240212,31
0,1,0,2,0,,0.0269,M1,20240212,31
1,3,0,2,0,,,M1,20240212,31
0,3,0,2,0,,,M1,20240212,31
1,1,0,2,0,0.8141,,M1,20240212,31
0,3,1,2,1,,,M1,20240212,31
0,3,0,2,0,,,M1,20240212,31
0,3,0,2,0,,,M1,20240212,31
1,0,0,2,0,,2.177,M1,20240212,31